timestamp,payload,length,attack_type,packet_size,flags,src_port,dst_port
1778649749.4197462,' UNION SELECT * FROM users --,30.0,sqli,,,,
1778649749.430906,""" OR """"=""",9.0,sqli,,,,
1778649749.4414961,') OR ('1'='1,13.0,sqli,,,,
1778649749.4523175,,,ddos,117.0,SYN,46721.0,80.0
1778649749.4629395,'; DROP TABLE users; --,23.0,sqli,,,,
1778649749.4739828,,,ddos,43.0,SYN,63044.0,80.0
1778649749.4845486,(Nr@O6fDN8F}G]AdQI$5[~5G))ybhXgZTn4#S,37.0,fuzz,,,,
1778649749.4947968,,,ddos,66.0,SYN,40655.0,80.0
1778649749.50587,,,ddos,44.0,SYN,35313.0,80.0
1778649749.516981,,,ddos,90.0,SYN,29224.0,80.0
1778649749.5275457,""" OR """"=""",9.0,sqli,,,,
1778649749.538428,S[K}n}EhN^F#)8>g&]k<6*d*PN{%7(hPD$Te,36.0,fuzz,,,,
1778649749.549443,,,ddos,46.0,SYN,61552.0,80.0
1778649749.5597165,dZRxh~BJvmtnxFUNeXg<oqh^@DkAK6J`&fhH$uMy${`R@j#xD}0A!lgVFz*<M9L?wCNq}[F`}!iK*%J4V<AB7mq2m#@OdW*nN$>D(}/Y,104.0,fuzz,,,,
1778649749.5701814,95^pwL1#~$)Ddia`q3U>]jvrzob3b~UV3JyX1$K0tIjK`4qv@hd3GBb4kP0NHj#2Wzm44*U!LbI)Q(txF`v^Q>ba$8yi7872<t$jZ&TL^Lb?A)[HrD?v@$&,119.0,fuzz,,,,
1778649749.5809891,,,ddos,69.0,SYN,29368.0,80.0
1778649749.5915933,xeiYzSjlf7kT#*Pb0dy^i4(*ZWsb&,29.0,fuzz,,,,
1778649749.6026044,,,ddos,46.0,SYN,6666.0,80.0
1778649749.6133492,~Ct@YjHIJS~Wti}Knous}V56hj<X5I#tkCLABnkXngGW5]UPkh426U#$lZp)m5%GH4hRzNPjMkhRk?imz*fVF)VnhiqGv[rN8ETqbQ,102.0,fuzz,,,,
1778649749.624127,,,ddos,96.0,SYN,36907.0,80.0
1778649749.6345184,') OR ('1'='1,13.0,sqli,,,,
1778649749.6453218,' OR 1=1 --,11.0,sqli,,,,
1778649749.6561103,jv~xG>)y5Vs>iw3#XMgGCd0OLk$jP$N~W1?c>Zx`dWxj[?J!kv@7J]#X2Ed)3u#6O#X?5b9NekIb8QGH}^`{pc*bK]AnzWy(i#BvP~an{e*%wh(,111.0,fuzz,,,,
1778649749.6672983,,,ddos,53.0,SYN,11369.0,80.0
1778649749.6776874,,,ddos,57.0,SYN,11467.0,80.0
1778649749.6882968,,,ddos,60.0,SYN,26019.0,80.0
1778649749.698965,&`4dFbFG<KEbJyv$*EQmUmyGxH$@)7(Ye[H2PB~)Q,41.0,fuzz,,,,
1778649749.709467,gCN$3yb9*oVK[vgbdeov{B^Ak&rE<jF(,32.0,fuzz,,,,
1778649749.7201834,Wl?y<m3^~~7A[o%c1T(77h9JsQwT@SocL/NLCc?jX{O1a`]kHt{>tsFU1?kCA]j!2N3&B<jIuje,75.0,fuzz,,,,
1778649749.730841,ggS(W~A)W0jTK3o^EaR[<7)@(0,26.0,fuzz,,,,
1778649749.7412138,oJ?iA!4Sgs)pC)oDJx!Le3},23.0,fuzz,,,,
1778649749.7521453,'; DROP TABLE users; --,23.0,sqli,,,,
1778649749.7627628,,,ddos,53.0,SYN,38464.0,80.0
1778649749.7734149,,,ddos,62.0,SYN,57372.0,80.0
1778649749.7844899,,,ddos,120.0,SYN,5425.0,80.0
1778649749.7948732,7sr6nUzSUfJ4t[&[oZLAdxn{yJezir#YBJ$We`j/crS@1#2(oYyRK%yq<zD8drqk)TZLnBrh1wd4N[jhPX*nwygRg`OG,92.0,fuzz,,,,
1778649749.8060389,,,ddos,56.0,SYN,23134.0,80.0
1778649749.8170962,,,ddos,56.0,SYN,58644.0,80.0
1778649749.827449,'; DROP TABLE users; --,23.0,sqli,,,,
1778649749.838297,R/T3@PoA]e*~0$JBT%0Bb(JWQHb`HA,30.0,fuzz,,,,
1778649749.8490443,,,ddos,62.0,SYN,23608.0,80.0
1778649749.8592582,,,ddos,101.0,SYN,2735.0,80.0
1778649749.8698046,' OR '1'='1,11.0,sqli,,,,
1778649749.8805926,fh$$b8EZ/[d#u#co8mmnG4AjKM}PO>[et1G3eM!wO^2AAB&$B~$aLNsa)`R&,60.0,fuzz,,,,
1778649749.891414,CRs^W#U>!fCaB20viKmfgvJ}?dU^I[N&Hb9FKq]Su@IItUe/oP0uYb@,55.0,fuzz,,,,
1778649749.902713,,,ddos,96.0,SYN,19822.0,80.0
1778649749.9135356,' OR ''=',9.0,sqli,,,,
1778649749.9243116,,,ddos,115.0,SYN,15322.0,80.0
1778649749.9351988,0JuK<RY/}GS5)%p@eh7U@fxtdY<6Vu*L1^(UxbOSf^G@5OkQS?3H~Xg45Eu!B9~*WlHjmC,70.0,fuzz,,,,
1778649749.9461663,,,ddos,79.0,SYN,5674.0,80.0
1778649749.9572084,gR9`?oN/`)Y6q`)j^AtC)AEC!vO{LdubiGRLyW>wE%j8%>jU]ii6Qvv{tlH(}w@$MF]aR<Rwt7&)3QTN4($0W?FWBK>n`)DjZyI9RH1)Ymm?*?,110.0,fuzz,,,,
1778649749.9683208,,,ddos,55.0,SYN,57733.0,80.0
1778649749.9788742,y{zO}A!*q*teJCr4!Z&k5)[6jk}gd3WeUuzXK*43MwFA]xLmSQJ?(n@GijT5~n}oeVr$(Pd2w24~!@n<PxQfVKp/5WP2}ofoVJ[2^lv>)N6mmd1,111.0,fuzz,,,,
1778649749.9900906,cpFE/B!6`Ia7!rl#zHQT{&Z}UmahEL/T)Gg&gpi@Q&<KMlNSJoI*n,53.0,fuzz,,,,
1778649750.0005372,,,ddos,86.0,SYN,57787.0,80.0
1778649750.0111701,') OR ('1'='1,13.0,sqli,,,,
1778649750.0213752,,,ddos,84.0,SYN,27765.0,80.0
1778649750.03249,,,ddos,81.0,SYN,16477.0,80.0
1778649750.043033,') OR ('1'='1,13.0,sqli,,,,
1778649750.0537653,TTO%0}]Xc)>*[P8za3m%x}9Q1KWlJ#xt?s0m~fxs~dl2S4EAuCL1^uOb*An1)V$h}&qAe,69.0,fuzz,,,,
1778649750.0650587,' OR ''=',9.0,sqli,,,,
1778649750.0753937,,,ddos,67.0,SYN,60671.0,80.0
1778649750.0858006,'; DROP TABLE users; --,23.0,sqli,,,,
1778649750.096271,' OR 1=1 --,11.0,sqli,,,,
1778649750.1070912,,,ddos,83.0,SYN,1859.0,80.0
1778649750.1179826,ZjI2j>XUt~n?)hEXATBgqm9f[T,26.0,fuzz,,,,
1778649750.1282215,*iK&wO{QyEvcB9D9KqHBwO&Q`*VkQxLp*Z]WBckZ&cd?iQ[TJo/XFr%hEjuYzOQS]CVr(dFMAc@`L(UGD80%fM0!KUNF,92.0,fuzz,,,,
1778649750.1389253,' OR '1'='1,11.0,sqli,,,,
1778649750.14971,,,ddos,98.0,SYN,56473.0,80.0
1778649750.1600008,,,ddos,92.0,SYN,55650.0,80.0
1778649750.1704416,yr(B%m4#$8u~5X0][f[UYrtQs&kGm%`w,32.0,fuzz,,,,
1778649750.1813207,PQQ$PMZu5qMYo*Tqa>Epemi}[6XzCk&X]y9{HtsobNxLsG*94hQZI/N0HD#%NW3lseL2x~q]<(5DJjVfXyO(Rv*FVz6t(XBnwF1x~m#mEVwrL?PSz?1,115.0,fuzz,,,,
1778649750.1922016,' UNION SELECT * FROM users --,30.0,sqli,,,,
1778649750.2027006,' UNION SELECT * FROM users --,30.0,sqli,,,,
1778649750.2131722,,,ddos,61.0,SYN,57563.0,80.0
1778649750.2234747,,,ddos,105.0,SYN,17553.0,80.0
1778649750.2345483,,,ddos,65.0,SYN,29735.0,80.0
1778649750.2449675,') OR ('1'='1,13.0,sqli,,,,
1778649750.2553732,xA2jK0O?#lN`MRjJU#/DM,21.0,fuzz,,,,
1778649750.2656145,' OR '1'='1,11.0,sqli,,,,
1778649750.2759402,,,ddos,75.0,SYN,33556.0,80.0
1778649750.2867582,,,ddos,78.0,SYN,2483.0,80.0
1778649750.2972567,UCOwHobI(?g9^gYjZpU64Eby)Mx3&>sw8a*`$4w0owj#A*#%0cY#%)yx<I!GjZ7oKv)u2i6oCa30p,77.0,fuzz,,,,
1778649750.3075244,eGK~4rwTE9ERhL7ER&W*R>5TmF$ggcai`n%AGg7Uqghr&6lima1u}@a4&^&i?>2?~k^1FM&0knAcWnV,79.0,fuzz,,,,
1778649750.3185244,,,ddos,87.0,SYN,15778.0,80.0
1778649750.3291492,""" OR """"=""",9.0,sqli,,,,
1778649750.3393078,') OR ('1'='1,13.0,sqli,,,,
1778649750.3505347,,,ddos,113.0,SYN,64692.0,80.0
1778649750.3610094,""" OR """"=""",9.0,sqli,,,,
1778649750.3720386,,,ddos,72.0,SYN,26429.0,80.0
1778649750.3830612,K#b}G^6@l?jwWnicXbC0mbVPQD~]$XW6gY3xcLRyCY@`M}~Tx^g!wJ>EbcycFmGkH[R1v3U5{ZKDOC(3VMusfx%P(HtkK(0sOZyrX!N/9,105.0,fuzz,,,,
1778649750.3938026,,,ddos,82.0,SYN,59776.0,80.0
1778649750.4043846,') OR ('1'='1,13.0,sqli,,,,
1778649750.414883,' OR '1'='1,11.0,sqli,,,,
1778649750.425308,' OR 1=1 --,11.0,sqli,,,,
1778649750.4362829,@~wsvH5M4gFZ*5F1btO?)A,22.0,fuzz,,,,
1778649750.447101,/[o*qY2Lgxr1he$d7OVtHj3Lg>I^mHjs4cdv&Ww&RmK]s3mv%T>Fynh?8vjDoM,62.0,fuzz,,,,
1778649750.457768,,,ddos,62.0,SYN,28537.0,80.0
1778649750.4687133,eXR(Q/2ubAzT9OE&uy%Gr@`~e7a17<QhPKd[gDSqNfL@06APiY3fveusdCGiDACA}qmpzV?Nq%*R,76.0,fuzz,,,,
1778649750.4794357,,,ddos,57.0,SYN,20648.0,80.0
1778649750.4904017,""" OR """"=""",9.0,sqli,,,,
1778649750.5015454,,,ddos,94.0,SYN,48131.0,80.0
1778649750.512162,' OR ''=',9.0,sqli,,,,
1778649750.5229483,PptzAqc/5QPg^[/m#JLVHHTg0BEI!@d&88B^gY?(FepBNI,46.0,fuzz,,,,
1778649750.5341165,*3klpm]Y6eig/mD/ZjBN?r,22.0,fuzz,,,,
1778649750.5445719,4p*gow#s>)<Yz{)$x!C?S$3$?pEDNm!4y47Fh8T$FZY#m7LK5uqD<Z!{@aUf~}3j58`DF<G1le{En,77.0,fuzz,,,,
1778649750.5551336,,,ddos,117.0,SYN,53376.0,80.0
1778649750.5663064,,,ddos,92.0,SYN,16945.0,80.0
1778649750.576592,X%ALPG&fmnC3EZt?MzN/`~EqW,25.0,fuzz,,,,
1778649750.587247,' OR 1=1 --,11.0,sqli,,,,
1778649750.5983071,,,ddos,81.0,SYN,3157.0,80.0
1778649750.6085894,,,ddos,113.0,SYN,12391.0,80.0
1778649750.6198413,' OR ''=',9.0,sqli,,,,
1778649750.630404,DoCgO4I}SX<]B4bH*KV!z0YpY^MPmuEXp2Plfaj`@1Sp],45.0,fuzz,,,,
1778649750.6409016,ZygnFFef#K6&G~FBq{d%@lgK5U)X~~YE/I~u6e1pE1cST}<fXUhiDBdo$)%qOr{sxT0bQ#lrhK<bZvREd08>n]8>PcR24`!Pv,97.0,fuzz,,,,
1778649750.6517076,,,ddos,115.0,SYN,12092.0,80.0
1778649750.6624024,' UNION SELECT * FROM users --,30.0,sqli,,,,
1778649750.6726134,,,ddos,104.0,SYN,60231.0,80.0
1778649750.6837296,,,ddos,72.0,SYN,34383.0,80.0
1778649750.694341,tFqK@mu>D&%8^p1}IV46{Sf<Tli}3B>bZAy6ciWKcsl,43.0,fuzz,,,,
1778649750.7054558,,,ddos,88.0,SYN,64392.0,80.0
1778649750.716612,EgnM4<e3kq~C~H{jhf%CJ0/?Mm@Gqq&l>iVP(c}P]6!TJx1S~m)LPA}/%$LZwrFz{L4UbAGbVVXzfOpi$pLhcIm7HhSyC,93.0,fuzz,,,,
1778649750.7273371,31wd#Of}gHhS1w[Und1YR4Z}LvppeEfZ5u&vxsSCpolW^I&Le{Z{cw}!0*DIbz6q3Odt)LBVnj*<K$2l$XJ,83.0,fuzz,,,,
1778649750.7379842,8}S{on0f%<Uf!4BCX[(CFYGoT}WD97pYVSe1A&cKJ,41.0,fuzz,,,,
1778649750.749183,/uF38jSBrO)cfiD~3Px6Ix/V`Cwh*m4~bYpt3h%q9E7ePbCQ>3vvQUnW8aR$^B6XrW~kI}LgsoG>ySO^Ok4H1n>,87.0,fuzz,,,,
1778649750.7596555,,,ddos,117.0,SYN,43221.0,80.0
1778649750.7704134,' OR ''=',9.0,sqli,,,,
1778649750.7807932,,,ddos,63.0,SYN,24497.0,80.0
1778649750.7915077,0cse@(yewKrTOI<>ujMevu6k!u?CxZ5XMuGGz)r~#rl@D`s(0]s3By~7jvqnLXHcH(s5Mb<DnywoIeaR%WseunDzB{?MXy`hOBbJ8/PGFHT*6pm5iY,114.0,fuzz,,,,
1778649750.8029788,XiMlv9&FKaIe<*AxzZk(?,21.0,fuzz,,,,
1778649750.8135386,,,ddos,94.0,SYN,35620.0,80.0
1778649750.8240461,,,ddos,43.0,SYN,18449.0,80.0
1778649750.8345683,' OR ''=',9.0,sqli,,,,
1778649750.845058,,,ddos,68.0,SYN,31880.0,80.0
1778649750.8559704,,,ddos,106.0,SYN,58554.0,80.0
1778649750.8662019,' OR '1'='1,11.0,sqli,,,,
1778649750.8764992,'; DROP TABLE users; --,23.0,sqli,,,,
1778649750.887353,}`u(nXn^]s8#lftjSHT3vK<s[h8QW6SeGsvO1}x3`mIWCJ?jiO/GoDyjN{i8%^&ia&q>YNfRv^VUc7VP0^oKM]w0^9BWUGNflY#t!a{5Q]nM?HhFs*P,115.0,fuzz,,,,
1778649750.8979845,bLn#[i]@c~xMr*`rpp/RhH@5S](9@O4)C>OYhV$NCpHneh^#i`3b#H5X$c>V*zh&J~]oY?A)[[*@2g5Os(!O<IvZkeT]k5*FtwQ*T!W,103.0,fuzz,,,,
1778649750.9086757,' OR ''=',9.0,sqli,,,,
1778649750.9192572,,,ddos,93.0,SYN,59432.0,80.0
1778649750.9295275,,,ddos,102.0,SYN,34679.0,80.0
1778649750.9399986,' OR ''=',9.0,sqli,,,,
1778649750.951162,' OR 1=1 --,11.0,sqli,,,,
1778649750.9614675,,,ddos,52.0,SYN,53705.0,80.0
1778649750.9724488,XZGL4C0nWyR0be?e3Ai*agi3yBDbHlV>J4XLnJ$iuXOLbN{)rV/~$/2O42%N[8!l*>~EY`3IBFG/[23VX@r[Fgx(`fR,91.0,fuzz,,,,
1778649750.9832587,,,ddos,55.0,SYN,50925.0,80.0
1778649750.9935718,' OR 1=1 --,11.0,sqli,,,,
1778649751.0046349,'; DROP TABLE users; --,23.0,sqli,,,,
1778649751.0156147,,,ddos,51.0,SYN,28103.0,80.0
1778649751.0262938,,,ddos,107.0,SYN,5223.0,80.0
1778649751.0373557,,,ddos,65.0,SYN,5333.0,80.0
1778649751.0486164,xL62MKouh%Efp{]i2fiyVC98rx#rf)7t<l$t`{5aTs~X?zV~tlrgp?u2S3efb]>ZW$c~(tV%$c0l*%i/,80.0,fuzz,,,,
1778649751.059155,/b]@ghhcqz0XNEB#5vl4Bf$$Z[c{Z}gzk0v{zuG1p>>vHjU6ETyg2ZTPqBXRtVH2@fH}7p<?aTYC`fF>x{*#/PG(B$SNBQMA&9L&>?r(Eq^6DAEAyDoj1b,118.0,fuzz,,,,
1778649751.070345,,,ddos,45.0,SYN,23543.0,80.0
1778649751.0808978,,,ddos,113.0,SYN,12579.0,80.0
1778649751.0914078,'; DROP TABLE users; --,23.0,sqli,,,,
1778649751.1019151,esOE?K%[wF0Ofg5KIy*Lt{atDIb<OO<K&tW7N@?FF#IZLvsC*5fd(XAEyy9ywHfU%e}iN$W6DuuIcTFOqJF]yzfj4U$^XG,94.0,fuzz,,,,
1778649751.1127844,,,ddos,80.0,SYN,56066.0,80.0
1778649751.1235926,,,ddos,46.0,SYN,55778.0,80.0
1778649751.1346576,' UNION SELECT * FROM users --,30.0,sqli,,,,
1778649751.145,,,ddos,69.0,SYN,23032.0,80.0
1778649751.1560566,NE6FR]XO]Ps?bjj%Vwc9x7J${6r5M[d<c@VhBrKQtIV~^{16w7t<K[eeA#P]j!AwnsOUg1>b%W%p5X&KT(#mLUgaIipZtW(eJWqfUS@>AXgD?QaM,112.0,fuzz,,,,
1778649751.1668181,,,ddos,64.0,SYN,42407.0,80.0
1778649751.1770334,,,ddos,40.0,SYN,46731.0,80.0
1778649751.187573,""" OR """"=""",9.0,sqli,,,,
1778649751.198133,b5fE/xmbKs$AK0}tWj%$`bCEY{ws4I#apNerTti^cZYgMy!2ZKdEHU1kCdHD6(iCE)~78$M{w{*`L<nZ913ghBt$tBdYPWmR#Rt{J0cCIH,106.0,fuzz,,,,
1778649751.2084644,' UNION SELECT * FROM users --,30.0,sqli,,,,
1778649751.2187293,7}Nv(cBbsfMeOzb%wl/Rl,21.0,fuzz,,,,
1778649751.229216,,,ddos,50.0,SYN,38274.0,80.0
1778649751.2393878,' OR 1=1 --,11.0,sqli,,,,
1778649751.2501974,,,ddos,51.0,SYN,17487.0,80.0
1778649751.2607002,,,ddos,69.0,SYN,53334.0,80.0
1778649751.2717533,STvXj]aLQZ!vjsNQ>Wa5dIq@T(y^#XM$*I6%lPJ`*$mwy~{uu4Slv>{h?5p2ydGC]3hg/VQldNDN5[ppEWY*d7iD!y9PCZHwgEmh,100.0,fuzz,,,,
1778649751.2830882,IF9SvgM86B[W>Zt{KNDda6s5RC}dtT4QmU?3Rn4VWT]ql?`lQcyh}z<PTkW>e}y1}ZF#iRHBsV>eY!rrWRK,83.0,fuzz,,,,
1778649751.2934337,zzI8KxW8ZE0r@k]@p(v{]XDT**l5sEeFu</9u]fr>ZSn9iz8H2UMqM/GEeaX~?>*EzSQ&2(O>z<AvLfZP7W8YFG(6][72cJ&ZklMg$,102.0,fuzz,,,,
1778649751.3042974,,,ddos,86.0,SYN,29445.0,80.0
1778649751.3156273,' UNION SELECT * FROM users --,30.0,sqli,,,,
1778649751.3258913,,,ddos,117.0,SYN,14876.0,80.0
1778649751.3363402,""" OR """"=""",9.0,sqli,,,,
1778649751.3473072,GmUh9Vdwy@W$ep%`NL^XI)A450HA3%y*!e%M#6T8Apduz,45.0,fuzz,,,,
1778649751.3584666,&P2bZxFeZgtdMZcUAM1LrtCLB92izyY[5LyM9NiUyTdC4jAQSY0E2$cTgl4WLg*,63.0,fuzz,,,,
1778649751.369167,' OR 1=1 --,11.0,sqli,,,,
1778649751.3793766,""" OR """"=""",9.0,sqli,,,,
1778649751.3915644,,,ddos,52.0,SYN,40591.0,80.0
1778649751.4021106,,,ddos,108.0,SYN,24239.0,80.0
1778649751.4124165,j$5wusM7lwN?0gFhUKJZ)gpDE&qAaXqpF0H>TC1Ll?w?`6wnFpAsIf&CMtk}`,61.0,fuzz,,,,
1778649751.4229276,' UNION SELECT * FROM users --,30.0,sqli,,,,
1778649751.4337482,,,ddos,43.0,SYN,39361.0,80.0
1778649751.4443238,'; DROP TABLE users; --,23.0,sqli,,,,
1778649751.4549232,,,ddos,54.0,SYN,21176.0,80.0
1778649751.466045,,,ddos,112.0,SYN,32895.0,80.0
1778649751.476747,u4l7$@`rWjqb?n%}NAGpluJ,23.0,fuzz,,,,
1778649751.4869232,c`2P~BbdRb@0HCt9UxAp(fn(?oaJZl@xZ2OnyI[lxAh&XPG8x<C}IWf(ty@vUB7*mExlE1ue@H*!2]fQsh8H`?a7U7PURd8$w6L)fM><!Bef,108.0,fuzz,,,,
1778649751.4977784,uISm<X#w]][FOJ6Tv6)Taf[F3<W$i^ly{okc762%a[$AYbaAubixNInA9j9w)]Zy8M)/w9/iHS&MY}Ns[GqCAO)(XN~4Gw?M!V)c3,101.0,fuzz,,,,
1778649751.508165,' OR ''=',9.0,sqli,,,,
1778649751.5192208,') OR ('1'='1,13.0,sqli,,,,
1778649751.5297368,' OR ''=',9.0,sqli,,,,
1778649751.5401325,""" OR """"=""",9.0,sqli,,,,
1778649751.5509899,""" OR """"=""",9.0,sqli,,,,
1778649751.5618787,""" OR """"=""",9.0,sqli,,,,
1778649751.5726829,'; DROP TABLE users; --,23.0,sqli,,,,
1778649751.5838711,'; DROP TABLE users; --,23.0,sqli,,,,
1778649751.5941005,,,ddos,55.0,SYN,3518.0,80.0
1778649751.6044066,*h)4V]lI97mG76C^0Rf#t3R#*s2zb4J6(rm9D#lqI$#bO,45.0,fuzz,,,,
1778649751.61567,') OR ('1'='1,13.0,sqli,,,,
1778649751.6258154,,,ddos,50.0,SYN,28717.0,80.0
1778649751.6362238,' OR '1'='1,11.0,sqli,,,,
1778649751.646546,' OR ''=',9.0,sqli,,,,
1778649751.6567302,' OR ''=',9.0,sqli,,,,
1778649751.6671252,""" OR """"=""",9.0,sqli,,,,
1778649751.6775267,,,ddos,76.0,SYN,39424.0,80.0
1778649751.6878037,9^N]eOT{mj#]cgJ#r4q5W2sfcL^M&@a3EQ5UL@!,39.0,fuzz,,,,
1778649751.6989844,'; DROP TABLE users; --,23.0,sqli,,,,
1778649751.7095685,,,ddos,115.0,SYN,17150.0,80.0
1778649751.7203398,^KRmjbek9w&YR~5OlM3X</X%bcarP$rZ2ACU~>%116dnZ9Ep%x?Ko{Xdk)w@$Q]Zb*MM<@~V0}6#MGqC`TW^5*G3&[Y((zwegnXy}zVyKfWziAKM,112.0,fuzz,,,,
1778649751.731739,,,ddos,80.0,SYN,8598.0,80.0
1778649751.742339,,,ddos,54.0,SYN,36287.0,80.0
1778649751.7529802,' UNION SELECT * FROM users --,30.0,sqli,,,,
1778649751.7633462,nw[G&SDg5PA6OxTY(~xqCxcL16aZ1i!#g6INGIm4GeG*vat~$b5)CflhhU5ZX%/r>S3,67.0,fuzz,,,,
1778649751.774066,' UNION SELECT * FROM users --,30.0,sqli,,,,
1778649751.7848315,' OR 1=1 --,11.0,sqli,,,,
1778649751.795594,/O@F/CIKzSyB2sexoIM/b4u~WXgi%T<dxc(ThB(Y$]8uaH/#M(/Jvp6RyO*qwce44OwS>*wL<IUT3nQ`?oL9cxwX<RvK<NI?@sD1p&6TlT`?y3Kg[m58,116.0,fuzz,,,,
1778649751.8061316,' OR 1=1 --,11.0,sqli,,,,
1778649751.8165646,,,ddos,86.0,SYN,63653.0,80.0
1778649751.827043,c/HRXJ~Bt93!gKE&t0*wmxw`jhFkh^hzMo!V]hl2NX*VsSNKJMwyX!{3nukbbVtpK9HLW]VC&wfX$`!<cnN~pOz64}6/?]bu2GIV,100.0,fuzz,,,,
1778649751.8374436,' OR '1'='1,11.0,sqli,,,,
1778649751.8479922,,,ddos,102.0,SYN,65446.0,80.0
1778649751.8582149,'; DROP TABLE users; --,23.0,sqli,,,,
1778649751.8686533,,,ddos,60.0,SYN,11474.0,80.0
1778649751.8791482,'; DROP TABLE users; --,23.0,sqli,,,,
1778649751.8895268,' UNION SELECT * FROM users --,30.0,sqli,,,,
1778649751.900131,' OR 1=1 --,11.0,sqli,,,,
1778649751.910464,>LGV2@^M~[(aTvR}C0G!GCG(Ym^X,28.0,fuzz,,,,
1778649751.9215956,""" OR """"=""",9.0,sqli,,,,
1778649751.9326088,,,ddos,82.0,SYN,6251.0,80.0
1778649751.9429338,') OR ('1'='1,13.0,sqli,,,,
1778649751.9538126,,,ddos,49.0,SYN,63320.0,80.0
1778649751.9643958,' OR 1=1 --,11.0,sqli,,,,
1778649751.9750986,pvoR68aMUvuYBxVlPO8r%*D{ZYbr}X/ZAYIooW1)ZIS}CQ8SO9zjAiQ~p(CSGk4i@TDgtJSM,72.0,fuzz,,,,
1778649751.9863312,' OR ''=',9.0,sqli,,,,
1778649751.9969351,,,ddos,61.0,SYN,19509.0,80.0
1778649752.0072203,""" OR """"=""",9.0,sqli,,,,
1778649752.0177839,,,ddos,70.0,SYN,10539.0,80.0
1778649752.028296,,,ddos,57.0,SYN,32840.0,80.0
1778649752.0385456,' OR '1'='1,11.0,sqli,,,,
1778649752.0494263,nl@bBI]dw)YN{O)RW7OcNC>1?!F~ma8yfHe$ruJNyCfKc05*EEn)$2>PhfbB6ZMX{RhlhE1`v)$h&!w#kw1&C>LLeJ@MhLl]1*jddegTl*,106.0,fuzz,,,,
1778649752.0601528,'; DROP TABLE users; --,23.0,sqli,,,,
1778649752.0712893,,,ddos,54.0,SYN,50139.0,80.0
1778649752.0823393,?azsy*S>]LAqBvci?`4$~f`F]bOZ1EAb}[5C@,37.0,fuzz,,,,
1778649752.093035,ed2s2)U2kFXk`oG`4E&3)HBwe1j)5U@#pDj>aYfH[#m<01OYUNtve4z?k7>pa{>uBPvqm02jClt1!>#DknPkUDfX,88.0,fuzz,,,,
1778649752.1041625,,,ddos,73.0,SYN,47605.0,80.0
1778649752.1149821,""" OR """"=""",9.0,sqli,,,,
1778649752.1252155,,,ddos,51.0,SYN,49337.0,80.0
1778649752.136253,' UNION SELECT * FROM users --,30.0,sqli,,,,
1778649752.1469889,,,ddos,52.0,SYN,21637.0,80.0
1778649752.1571581,,,ddos,86.0,SYN,61284.0,80.0
1778649752.1679618,' OR 1=1 --,11.0,sqli,,,,
1778649752.1784868,' OR ''=',9.0,sqli,,,,
1778649752.1888416,,,ddos,56.0,SYN,12769.0,80.0
1778649752.1997645,k3n#TPz#yG2@FW>zl/oXN[Wrf4j&Bj*7qH5@t9UhfoDaA`a6ElxVbf4}V,57.0,fuzz,,,,
1778649752.2104168,' UNION SELECT * FROM users --,30.0,sqli,,,,
1778649752.220992,f7D8hLwzw7<nW#c$2a~8[?1MSA(g?ZWm^{J2,36.0,fuzz,,,,
1778649752.231902,' OR 1=1 --,11.0,sqli,,,,
1778649752.2423847,nrpkyKNnhuPT9GYdm#z2pg<)K}qi3z&!`tZpOSvVi3O,43.0,fuzz,,,,
1778649752.2535126,,,ddos,82.0,SYN,7370.0,80.0
1778649752.2640297,4D*pupfw[K^10aGhs%]v,20.0,fuzz,,,,
1778649752.2754242,ofo4[**ze<4lCQ3qxGzfIgzS5E{efX/TnE2xKD#mlO7e9!@m8dyl>nl!Vg5Cv?I}rieAo98zOc3C)>SD0ky%#&S]B#W,91.0,fuzz,,,,
1778649752.28579,$qodBqu/MR!M96U0GM<2Y8b6A{wdVeqUxfVh@6%z8eje(BTw>l`!O5t9M[n0ncCnOQgFeo3HQ!mZIL2%07,82.0,fuzz,,,,
1778649752.2962468,,,ddos,60.0,SYN,16187.0,80.0
1778649752.3066216,' OR 1=1 --,11.0,sqli,,,,
1778649752.3180432,' OR '1'='1,11.0,sqli,,,,
1778649752.328367,' OR ''=',9.0,sqli,,,,
1778649752.338622,,,ddos,80.0,SYN,1867.0,80.0
1778649752.3493211,yzT#E$dG0x/ItET]T3mW1]5v*21<0oBN}LTl/J8mobm*Xhv$cyI>TNa<!MrmZU*>$6ii(cw[#V4F(i1R(7H85}F/#ll,91.0,fuzz,,,,
1778649752.3600724,3psAgnsxf2{64SQ$9?l5t1!xW~b2Y5e/o%X&TR0xnC!vmNk~<x~$A3Pt5RZSNQV(]^uB/}3y&aE`{8LQic!NiM^j4E0CG$ndY])T*&ViZ,105.0,fuzz,,,,
1778649752.3710492,'; DROP TABLE users; --,23.0,sqli,,,,
1778649752.3816907,' UNION SELECT * FROM users --,30.0,sqli,,,,
1778649752.3918593,'; DROP TABLE users; --,23.0,sqli,,,,
1778649752.402666,,,ddos,58.0,SYN,13370.0,80.0
1778649752.4132347,W8SD2jX[Os{mw]8r#1G)#?gYMIl34>oU&<)zKV2Js3p[xmy~biqZsL87uHw)HJLmP0zNft(Yt7Q>a3x^Ur$$aQ()0nD`!JEm6s2QaUa#2U[vTEFmQz`x4Gv,119.0,fuzz,,,,
1778649752.4236667,,,ddos,50.0,SYN,56445.0,80.0
1778649752.4354603,'; DROP TABLE users; --,23.0,sqli,,,,
1778649752.4461207,,,ddos,82.0,SYN,8661.0,80.0
1778649752.4566257,' UNION SELECT * FROM users --,30.0,sqli,,,,
1778649752.466957,,,ddos,72.0,SYN,17094.0,80.0
1778649752.477423,""" OR """"=""",9.0,sqli,,,,
1778649752.4883363,Ke&VXyH`ND6qty%hDd}NQYWhGXeSOWYIhP>y{R^{to{DQD5(&ZKDQJ9<MyRabY$FaD[iPp0k>XW8l}nd1PZ~r,85.0,fuzz,,,,
1778649752.4993472,') OR ('1'='1,13.0,sqli,,,,
1778649752.5098088,' OR '1'='1,11.0,sqli,,,,
1778649752.5206652,' OR '1'='1,11.0,sqli,,,,
1778649752.5319092,T*thDyD[qudJp()6Fr<qT,21.0,fuzz,,,,
1778649752.5421557,,,ddos,97.0,SYN,57847.0,80.0
1778649752.5532649,,,ddos,64.0,SYN,44436.0,80.0
1778649752.5636861,' OR 1=1 --,11.0,sqli,,,,
1778649752.5740387,X*z{55hgcwl~SB!z[sTZ0MSMqo]~h9lgxdwc3Ug/],41.0,fuzz,,,,
1778649752.5847204,' OR 1=1 --,11.0,sqli,,,,
1778649752.5952163,' UNION SELECT * FROM users --,30.0,sqli,,,,
1778649752.6055243,#YjWqvUlL{JFd7[cSp>c~P{]N8w8~fdL{~TMnrox$MSotOe0EHnt&cbyu3^qz4?uD>7ppQmbO7ssU@>ZY]vbt~GlM*Jspj?sj,97.0,fuzz,,,,
1778649752.6158102,,,ddos,115.0,SYN,33734.0,80.0
1778649752.626369,7X[hK$uFNi9*054o1wECsF4BLK>8r^IhQ/b6R?bnCmO%8`hulRgEhR0JAD9t~ptXT/]Eq?StX>bC{OTL0*2`$*djO9?sf06?xarUVF2]P%HpBFl%P,113.0,fuzz,,,,
1778649752.6374366,' UNION SELECT * FROM users --,30.0,sqli,,,,
1778649752.648203,' OR '1'='1,11.0,sqli,,,,
1778649752.65855,TYN)P[emO4]K*sFs`uWyWkv?W,25.0,fuzz,,,,
1778649752.669221,') OR ('1'='1,13.0,sqli,,,,
1778649752.6794693,' OR '1'='1,11.0,sqli,,,,
1778649752.690035,,,ddos,53.0,SYN,35378.0,80.0
1778649752.7008953,FSLc)}I5pPXYV@eB>^uZ0>dGeM$,27.0,fuzz,,,,
1778649752.7115338,,,ddos,58.0,SYN,53442.0,80.0
1778649752.7226152,,,ddos,82.0,SYN,1478.0,80.0
1778649752.7333307,'; DROP TABLE users; --,23.0,sqli,,,,
1778649752.7434916,,,ddos,67.0,SYN,14268.0,80.0
1778649752.7538826,ajcMiWg0uAxEA2icI7J}{83cFh,26.0,fuzz,,,,
1778649752.764238,,,ddos,43.0,SYN,64014.0,80.0
1778649752.7744524,""" OR """"=""",9.0,sqli,,,,
1778649752.7854521,,,ddos,47.0,SYN,64677.0,80.0
1778649752.7958562,,,ddos,97.0,SYN,27938.0,80.0
1778649752.8063536,bSp5Vh9B2pR%bedKod)O`nYeNe<F~oBYWD5#4zRT!RRT4PdfXZ,50.0,fuzz,,,,
1778649752.817028,f`4H}1?}I`F2(74DJZ`$~p~TGfil]33z@e#ZDnbONrj]y*daaL05iF!6,56.0,fuzz,,,,
1778649752.8276408,,,ddos,61.0,SYN,10106.0,80.0
1778649752.8381066,,,ddos,71.0,SYN,48382.0,80.0
1778649752.848468,8S2t{/9pRY?b9@$evbr!}zJ/8Fd{8b4qDJ6?UAYC>6zAD4rdCdX!)JzSO9j2]jVm,64.0,fuzz,,,,
1778649752.8586786,jeacQzq/[F0bLuV?$F({quGfI(P@H2emKuXr#U6aIlmF8JDUs95I3Nr<e~S)Iu1Na^PA4[56@y`17tQ9a3r?zU#771ac,92.0,fuzz,,,,
1778649752.8693428,,,ddos,114.0,SYN,65178.0,80.0
1778649752.8800178,B4w{TOitWKmv@raC}~[8v&MN[3i^nXw!!t03m)~9Wi*f/Udn<gh9<7xJq0q@PVKRKT{070*E}s~#x!*)MWYHKC8Z/RG,91.0,fuzz,,,,
1778649752.8908577,') OR ('1'='1,13.0,sqli,,,,
1778649752.901576,wH!Vovx(JO14y[ycHxBiUcq#^&b]zoNPM/lRI<aR1TWNA]8H2EX&RUo,55.0,fuzz,,,,
1778649752.9120588,' UNION SELECT * FROM users --,30.0,sqli,,,,
1778649752.9229734,gFB^F&gG?UbyT<3}Y[CTjZ)t(^Kb`4*(CGzjZ4$d5`mlEDEkq/x%PKi5HwSoKoNn<j0*VpMtwd@,75.0,fuzz,,,,
1778649752.9340105,x`nX*ESYoPX)Yq[d)HEy[2u?Q@h,27.0,fuzz,,,,
1778649752.9443538,0L3{BC!E]}qSA5z#5/3Yh/l<TA><Aa[nq[M#gz~iJr{(nvH%>e0wo6XTIA/@mCsfY%]r}KIrY@%/2e5F{}Lszp(MD@@J)axYY,97.0,fuzz,,,,
1778649752.9553998,' UNION SELECT * FROM users --,30.0,sqli,,,,
1778649752.9661767,ctx)pY[X#/q/8Ze0BWbM}yPjug3fYX43K23xp$b&]<#DIaxi02NS?2PtrRG>&#AU^wU7$yUt#oj[Hd)@JH/c2#rUbwzH`)Gh}(>oeU5!ly2MiSTw5,113.0,fuzz,,,,
1778649752.9767427,57&!vZw1[@{3H!5?@F<UhDnVV2lo`~cCLR1D7Tyg`hCE)q<m!5fVS6afqp?p{mC!)/8,67.0,fuzz,,,,
1778649752.9879994,/b6v7DJ^U3k36uXv$fmIp&YH$nDCOSvWJ@51Cr&HiRWW15aUhfdLp^M`Sy/~&QS2oEo7oGI?Ms&@6nI7B&yh7dkBe#Lwu>Ft^sozSJD&H3N46Mgw%H<6b,117.0,fuzz,,,,
1778649752.9985187,Mkfn`}n#uq3WW9Q9yK^fRmUoRlvg$d&c0Ms&C&bEYW>w@A@&<O{l@&75Q11dC2Oo~l3F)&AA&YX8a?Svr8{Zq)1z0I7ar$(&*8<aKjtxXKNJ),109.0,fuzz,,,,
1778649753.0090826,,,ddos,120.0,SYN,6160.0,80.0
1778649753.0194209,/(Oif0<#kQUig!?mc)>fygl3A@D%#uDVyz}UbyT]SsOL0#9lL^7,51.0,fuzz,,,,
1778649753.0298657,pFsSJ0PX?6RW%*@l%sAP,20.0,fuzz,,,,
1778649753.0400598,,,ddos,108.0,SYN,50803.0,80.0
1778649753.0510314,u*Zc3tid#7]bg<vtcpNLy%xer5usIa41i7Tib7y(^<(dzPo,47.0,fuzz,,,,
1778649753.0617192,yu&()]HN%~}7g/Ywe%d<Ww9/1{%N&NBPaxccHU(ig(bwQ4610/VxLUN3&fZN%x$aOk}($D&1wR#1Y{l#R{6Ws~`@R0dj,92.0,fuzz,,,,
1778649753.0723605,' OR 1=1 --,11.0,sqli,,,,
1778649753.083114,!3AR!SG3t2RuSDWno^uV/Ac1k1xNA8LoX`R{GX)[GAq4c&VrN86JiILRD)NbrBF,63.0,fuzz,,,,
1778649753.0935645,Xn*#dxtC2xxo?/P@7HyOEUc3?p@z?F!(j[f8vRU`pH!@QZESwGjDt}6Y[w{1A2Ji]78Ljy*}@Hu@SAf}m[]62qCvYV[i>*F3~4,98.0,fuzz,,,,
1778649753.1046388,,,ddos,77.0,SYN,9069.0,80.0
1778649753.1159828,rogq82?r6MHUdPyLHjVF@X&SW?g#>sfak5{^^<]M3DNHK^8uGtCgK2L}0?AR)`?M^4ch/c5*O~V$r`PbCMFwm(TS}^#p/63SK)!Z)Haw600,107.0,fuzz,,,,
1778649753.126416,,,ddos,50.0,SYN,62781.0,80.0
1778649753.1373014,xC8(~wpGa[q>x{(k4nG8UD89,24.0,fuzz,,,,
1778649753.1483703,,,ddos,75.0,SYN,16554.0,80.0
1778649753.158871,XZTIm>PANS4yx[rA0FMv)E<Vo%YleRjh@)0Us~J@)fDxv@ixT1XdhS1,55.0,fuzz,,,,
1778649753.1696293,,,ddos,40.0,SYN,58241.0,80.0
1778649753.1809895,,,ddos,68.0,SYN,7811.0,80.0
1778649753.191846,' OR ''=',9.0,sqli,,,,
1778649753.2026725,' OR '1'='1,11.0,sqli,,,,
1778649753.2130628,') OR ('1'='1,13.0,sqli,,,,
1778649753.2234075,,,ddos,46.0,SYN,11127.0,80.0
1778649753.2341125,s^CkLRU1V8I}p9?^Yp@sWF45jKT&Lv}XWb@}7kDm0Afv!</jMRcT7jxK]]9l<S?yu<NlcM{ZEQS>DftY*hPY9l@,87.0,fuzz,,,,
1778649753.2448187,B)5R/>b595*Z?Co>T[%glyjhcmp`*NmvZpSHWgEO]@w~{w8TM$uAS2[%k<aQx*Z3h2H9qj/W0K%3^vA2{P?5)Za[v9MlPC}xC7Bf[y*DxHY`k(,110.0,fuzz,,,,
1778649753.2557597,q$V}S3oyjc*fkg%Av>yQkJ]vj}{(,28.0,fuzz,,,,
1778649753.266067,,,ddos,58.0,SYN,39295.0,80.0
1778649753.2765079,') OR ('1'='1,13.0,sqli,,,,
1778649753.2866254,' OR 1=1 --,11.0,sqli,,,,
1778649753.296734,,,ddos,102.0,SYN,47701.0,80.0
1778649753.307469,{!sya9>lMa$]C4xk86Lt>N{Yo>ewcB{UTcQT~OQ&uoM]mGd`KGI8?vh^kNnj$G)vK34]/t/`z,73.0,fuzz,,,,
1778649753.3182504,,,ddos,48.0,SYN,31814.0,80.0
1778649753.328709,""" OR """"=""",9.0,sqli,,,,
1778649753.339093,6k%y@#UvZS#^KNhGs~P/ucaLTt5Fl,29.0,fuzz,,,,
1778649753.3499765,gf<zv7Z%Gh<zX{OboBtVFow~B5<#BKo&QbQYthA!29g9aLN@1k,50.0,fuzz,,,,
1778649753.3602364,4b3a{YG[Yi6mKcU4A?C1n2cM&gbvQ@1J{w4((!(LM@R?q#c33iFiOH!{qYnZ[4mym1MdApU9g7Du1)<uG@x@DrUlvUs,91.0,fuzz,,,,
1778649753.3706114,B[4%)]&YzaLLIxYo`]~jssXdXkGJKI#Xo*w7^*W)zU?uzVPj<9J&Z[{MLGn4o[3IrFqX7h^3Zx3*~9d%Th/Zl![cHo3d~!hQ5bdZR[4PK~G#o(lMFi,114.0,fuzz,,,,
1778649753.3821056,*>Z%rW/WH2Qfgo6wVLq[R5o`gREbTog}!2kI4RUh]{z10Xq9W$lQpUMB@TgYrD@,63.0,fuzz,,,,
1778649753.3924868,R%zL&r8UAE@]rZ/iRK]YikT@xsX)~tYGUN^Ds`tl(R$UDbLtBhYFjBfFl`?Kh@~]1tUAvX/[cMR>c`cI/dYo@[o)Wn[}D4DPMDen2YE,103.0,fuzz,,,,
1778649753.4036815,)aRKPPgp>1V0{!&rkaDjg*SZkMLcGr)!@(VFxbwi4r^xwbSSzONViHe4uG>wDKO8XIOZTfKvQYUEytE>9*>TMsZXUV<Jy>Q9wMfhQ8,102.0,fuzz,,,,
1778649753.414901,,,ddos,94.0,SYN,28657.0,80.0
1778649753.4250803,') OR ('1'='1,13.0,sqli,,,,
1778649753.4361787,,,ddos,97.0,SYN,39788.0,80.0
1778649753.446687,' OR 1=1 --,11.0,sqli,,,,
1778649753.4572706,' OR ''=',9.0,sqli,,,,
1778649753.4683342,5&ddS!eg>z@<x%wbhPipf^i^ev0nR)@NO([$9XZS2RV(m`Hc^Z{t>Xb#,56.0,fuzz,,,,
1778649753.4788904,,,ddos,48.0,SYN,2560.0,80.0
1778649753.489969,,,ddos,59.0,SYN,41667.0,80.0
1778649753.5011685,,,ddos,87.0,SYN,44465.0,80.0
1778649753.5116427,""" OR """"=""",9.0,sqli,,,,
1778649753.5223532,,,ddos,74.0,SYN,2737.0,80.0
1778649753.5331352,,,ddos,111.0,SYN,30559.0,80.0
1778649753.5436347,vu5At75e<hlDy9VesuTFS~Soa7q2A5eoV1Vi(vtXoCERgI!cxx*eo5,54.0,fuzz,,,,
1778649753.5541046,}gZSQkLdxf?q@A7OPvJqym^TfkOdx@z<6W,34.0,fuzz,,,,
1778649753.565008,,,ddos,69.0,SYN,34400.0,80.0
1778649753.5756667,Q]OVVpMBAaEoN*YF>L@)Y4PmXB?&q7v]Wl6M#vnVfYCb0jBe`@XS#,53.0,fuzz,,,,
1778649753.5866787,&T<FVuG[Oy%TyZTu29wj[>h%U>9WtMk8BArC0U>2BHMTw*)fz8ot^KRl4E0&>RW/0[`A!`Za14aAq@i^moM,83.0,fuzz,,,,
1778649753.5982878,' OR 1=1 --,11.0,sqli,,,,
1778649753.608724,' OR '1'='1,11.0,sqli,,,,
1778649753.6196828,,,ddos,77.0,SYN,22724.0,80.0
1778649753.6301444,,,ddos,98.0,SYN,45281.0,80.0
1778649753.6411405,' OR ''=',9.0,sqli,,,,
1778649753.6518288,' OR 1=1 --,11.0,sqli,,,,
1778649753.6625938,VSN<uHjwTntU>N<9Jb)j{#%tqzh[`Z?@JKoH%mq<J4f6,44.0,fuzz,,,,
1778649753.6729264,' OR '1'='1,11.0,sqli,,,,
1778649753.6835828,,,ddos,79.0,SYN,10275.0,80.0
1778649753.6941838,,,ddos,53.0,SYN,59659.0,80.0
1778649753.704864,U1~?JsHC[j}!hLd`k^mcGMKt!dnoy!smMmTi`WF,39.0,fuzz,,,,
1778649753.7159843,b*$`NWAMQ3tj2ib)1Xn1`5mBhdrN,28.0,fuzz,,,,
1778649753.7265394,Z<o(n8qMSCB?(S(dY$Z3hi]6Zu/]hyLIg{y,35.0,fuzz,,,,
1778649753.737221,' OR '1'='1,11.0,sqli,,,,
1778649753.7478173,/oi4M]w6%j3e][msd~qFJA`b>M6*0b82zlH<*YWn!y${1aKT0PRBmxlAEZSU1m%jB!@`,68.0,fuzz,,,,
1778649753.758428,' UNION SELECT * FROM users --,30.0,sqli,,,,
1778649753.76905,,,ddos,57.0,SYN,19469.0,80.0
1778649753.779662,,,ddos,109.0,SYN,59901.0,80.0
1778649753.789951,,,ddos,64.0,SYN,50193.0,80.0
1778649753.8009467,,,ddos,57.0,SYN,26682.0,80.0
1778649753.8111906,' OR 1=1 --,11.0,sqli,,,,
1778649753.8218524,,,ddos,115.0,SYN,15377.0,80.0
1778649753.8322134,,,ddos,114.0,SYN,3039.0,80.0
1778649753.8428488,') OR ('1'='1,13.0,sqli,,,,
1778649753.853104,&}At]/~eV^{G`l(]biFAMRC3V1rBz,29.0,fuzz,,,,
1778649753.8633645,#uUH]4)GCAK(YEIiS3wmKW]Sj,25.0,fuzz,,,,
1778649753.873674,' OR 1=1 --,11.0,sqli,,,,
1778649753.884114,@$sN4FP{VeJct2c<<MG#(Vfr^Of2HyQo<[zttti6??bdys&4VJOgLhaGW)1LOcoO8fX@dt**MaG!LvLF4[U3q(]6DozNVnZLZ5N]gH>&>]2,107.0,fuzz,,,,
1778649753.8947241,' UNION SELECT * FROM users --,30.0,sqli,,,,
1778649753.9060543,,,ddos,97.0,SYN,63716.0,80.0
1778649753.9163451,M)T(jvW~c/VuwSAUnME?J{t#uPiHi}(?4bqVovm[c}?d,44.0,fuzz,,,,
1778649753.9267263,,,ddos,89.0,SYN,11906.0,80.0
1778649753.9371953,' OR 1=1 --,11.0,sqli,,,,
1778649753.947525,') OR ('1'='1,13.0,sqli,,,,
1778649753.9578016,>n3xDPdnYXX7&P1%j8m[JJ6QEid~YRDAjo>WNp%]H]Zh{GzwCek]3h1~fi`M)H(iIpzTJ1ce}]*~bg9pl6(4N[XKU/v<f@oyAA5V1u`ZOz[)?tA^d[8,115.0,fuzz,,,,
1778649753.9684267,~M$<5QanQ%p(V1LWZmS5Jvkrz47XJHq8!O>xbUMphvj/DN@2B8uG~[k(y9p$gkM6[/dMtJ,70.0,fuzz,,,,
1778649753.9791906,""" OR """"=""",9.0,sqli,,,,
1778649753.9894419,,,ddos,113.0,SYN,59956.0,80.0
1778649753.9998274,,,ddos,60.0,SYN,5957.0,80.0
1778649754.0103812,' OR ''=',9.0,sqli,,,,
1778649754.0215697,') OR ('1'='1,13.0,sqli,,,,
1778649754.032594,,,ddos,102.0,SYN,29664.0,80.0
1778649754.042861,,,ddos,107.0,SYN,61283.0,80.0
1778649754.0535238,,,ddos,44.0,SYN,6530.0,80.0
1778649754.0640614,,,ddos,110.0,SYN,42796.0,80.0
1778649754.0743082,' OR ''=',9.0,sqli,,,,
1778649754.08478,,,ddos,44.0,SYN,51209.0,80.0
1778649754.095326,[4d1Prp{4M@*KBB3[(wSlIxXl]m5)frp/6p5#MFvg6b/DQqrcon>As!3CZD~f~JflP!V(p9]d4ykw3LmRqS}`dN8St}`3,93.0,fuzz,,,,
1778649754.1064925,mXLMT4I5hecgdz5L2GCwLs0Z6}*Ld2Vc1NSgp2>8<Hc)yjT4GpmE[?$H(eVo(y1?rib^}BP8u8N##@nQ8JCncP!}E}afOinLTx*Gyc,102.0,fuzz,,,,
1778649754.1173394,V$]3zp%Pgvrw^r?u0#?o>}lgfTFGwOsxF@UZl)dQ@<y]dIP@hEJbn<[@JeQ&O(}$acD]t/fCS(i3tgg3vkS@w6yvMW4Sfj`KBOC}!AH(WZ5#QcMt,112.0,fuzz,,,,
1778649754.128189,M^cv?J`Zm`ybO~9Dgr<O8Yv/f9~)u4^k)l5K@)ia&Xl(&KY6`FZ5B`9s$?y@`62lGv{pIPVsoa7EiUUMN$c3llK*vERQpl6~3JV&Ipa[>q@bgwh/tiGrE,117.0,fuzz,,,,
1778649754.1391203,,,ddos,64.0,SYN,56881.0,80.0
1778649754.149507,""" OR """"=""",9.0,sqli,,,,
1778649754.159853,,,ddos,65.0,SYN,42627.0,80.0
1778649754.1706936,' UNION SELECT * FROM users --,30.0,sqli,,,,
1778649754.181098,Bj>ke><Xn9SXsZdvE18u*8{^W`48F^Li`tcM@VXipow%Kw`[#fB}^<Jf7*,58.0,fuzz,,,,
1778649754.1922443,,,ddos,73.0,SYN,53394.0,80.0
1778649754.2029297,,,ddos,109.0,SYN,1762.0,80.0
1778649754.213327,') OR ('1'='1,13.0,sqli,,,,
1778649754.2241464,fG%3{FcjSpFWE1#KO{bluU!G#CQ`WjSLivNGf4,38.0,fuzz,,,,
1778649754.2354448,""" OR """"=""",9.0,sqli,,,,
1778649754.2459776,,,ddos,50.0,SYN,36606.0,80.0
1778649754.2570782,') OR ('1'='1,13.0,sqli,,,,
1778649754.2678225,,,ddos,48.0,SYN,65197.0,80.0
1778649754.2784593,' UNION SELECT * FROM users --,30.0,sqli,,,,
1778649754.288858,,,ddos,68.0,SYN,57351.0,80.0
1778649754.2999287,' OR 1=1 --,11.0,sqli,,,,
1778649754.3104572,,,ddos,64.0,SYN,19973.0,80.0
1778649754.3208098,,,ddos,61.0,SYN,19389.0,80.0
1778649754.3323843,,,ddos,94.0,SYN,28429.0,80.0
1778649754.3427432,,,ddos,89.0,SYN,14011.0,80.0
1778649754.3531458,,,ddos,46.0,SYN,6685.0,80.0
1778649754.364456,q(NSV4alk$a/IP0i8StinytVpI<75gf#glO[&]SnWPIqJ<k@JsQz#@}4t@dvPFFCexU&xb02Kd%9k)WAFYSxRs!uxBBfQzY%2*Xw4$B1D[}BaoeYlE%Fz&i,119.0,fuzz,,,,
1778649754.3751519,wo#peZNt1Wu[b`nw?kaYO}D6wg&4DPuDC6O(]#jx,40.0,fuzz,,,,
1778649754.3860433,4sEu>dn0eBk>w0VNOV]416{SOD74FYb6xY^C5o0R,40.0,fuzz,,,,
1778649754.3967438,,,ddos,101.0,SYN,10960.0,80.0
1778649754.4118192,,,ddos,71.0,SYN,33949.0,80.0
1778649754.448628,' OR 1=1 --,11.0,sqli,,,,
1778649754.46653,bA$yp>cv`e}Jh)~`G#WyCb%v?,25.0,fuzz,,,,
1778649754.4775982,(f7^1Uvb3H]L$!CiGHEp6@PBeX<K/W8Rf/5x?d*RfWIsH*Bmg`VY8cQaa55SV[*?@u?PEdhi[xZLvFs]Tm)wdL)!G~pNIA(Aa^m4w}4q[at?xLvs,112.0,fuzz,,,,
1778649754.487967,y~&^4ifmwlu}OMIsIRMZhTX}M8Y#%1)/}&J&FX]KXBolv7fW9[iS3vSfY[LWVo3B[CEN&@aIwRl)K79V7<qD3Ar1d6gpK&}1h)kLBps&2$%Q<YOhnc8}SM@,119.0,fuzz,,,,
1778649754.500743,,,ddos,94.0,SYN,21063.0,80.0
1778649754.5110044,' UNION SELECT * FROM users --,30.0,sqli,,,,
1778649754.5212867,' OR 1=1 --,11.0,sqli,,,,
1778649754.531925,,,ddos,117.0,SYN,43648.0,80.0
1778649754.5424523,,,ddos,97.0,SYN,8984.0,80.0
1778649754.5527532,,,ddos,117.0,SYN,57914.0,80.0
1778649754.5633245,,,ddos,118.0,SYN,33358.0,80.0
1778649754.573928,' UNION SELECT * FROM users --,30.0,sqli,,,,
1778649754.5843475,,,ddos,47.0,SYN,7678.0,80.0
1778649754.5948908,QUH9{VNtItLn3rAO{/1d(lI[~oCAmD>XNyjC$}xQCvyP0OX~KAR>AFK4#ye[U<)KcqcxP/74#usi9W?LBmJxN^RKiNw,91.0,fuzz,,,,
1778649754.6054883,,,ddos,84.0,SYN,54752.0,80.0
1778649754.616457,MS@CvlwInXRt]4Z$wH<J3yK^B(YE`4%FuT2tki?7CC9KM}@I^@uzNR}[?EYQ6>Ad<21>}2RIK^WESYL>E~7RPXBON[tY%$E6~BR56W!n1,105.0,fuzz,,,,
1778649754.6269689,,,ddos,87.0,SYN,19531.0,80.0
1778649754.6376402,,,ddos,70.0,SYN,51314.0,80.0
1778649754.6482635,,,ddos,90.0,SYN,5685.0,80.0
1778649754.6585433,,,ddos,101.0,SYN,19116.0,80.0
1778649754.6688766,,,ddos,86.0,SYN,17303.0,80.0
1778649754.6792781,,,ddos,107.0,SYN,3750.0,80.0
1778649754.690214,""" OR """"=""",9.0,sqli,,,,
1778649754.7011857,6uMcyh]L!Khpu%4s)mC[LZPuIZdGG)uo9uVC3W*h,40.0,fuzz,,,,
1778649754.7118711,'; DROP TABLE users; --,23.0,sqli,,,,
1778649754.7232285,'; DROP TABLE users; --,23.0,sqli,,,,
1778649754.7343302,,,ddos,51.0,SYN,9626.0,80.0
1778649754.744825,' UNION SELECT * FROM users --,30.0,sqli,,,,
1778649754.7551806,' OR ''=',9.0,sqli,,,,
1778649754.766405,' OR '1'='1,11.0,sqli,,,,
1778649754.7767334,,,ddos,59.0,SYN,51955.0,80.0
1778649754.787637,,,ddos,44.0,SYN,20122.0,80.0
