packet_size,protocol,label
30.0,sqli,Attack
9.0,sqli,Attack
13.0,sqli,Attack
,ddos,Attack
23.0,sqli,Attack
,ddos,Attack
37.0,fuzz,Attack
,ddos,Attack
,ddos,Attack
,ddos,Attack
9.0,sqli,Attack
36.0,fuzz,Attack
,ddos,Attack
104.0,fuzz,Attack
119.0,fuzz,Attack
,ddos,Attack
29.0,fuzz,Attack
,ddos,Attack
102.0,fuzz,Attack
,ddos,Attack
13.0,sqli,Attack
11.0,sqli,Attack
111.0,fuzz,Attack
,ddos,Attack
,ddos,Attack
,ddos,Attack
41.0,fuzz,Attack
32.0,fuzz,Attack
75.0,fuzz,Attack
26.0,fuzz,Attack
23.0,fuzz,Attack
23.0,sqli,Attack
,ddos,Attack
,ddos,Attack
,ddos,Attack
92.0,fuzz,Attack
,ddos,Attack
,ddos,Attack
23.0,sqli,Attack
30.0,fuzz,Attack
,ddos,Attack
,ddos,Attack
11.0,sqli,Attack
60.0,fuzz,Attack
55.0,fuzz,Attack
,ddos,Attack
9.0,sqli,Attack
,ddos,Attack
70.0,fuzz,Attack
,ddos,Attack
110.0,fuzz,Attack
,ddos,Attack
111.0,fuzz,Attack
53.0,fuzz,Attack
,ddos,Attack
13.0,sqli,Attack
,ddos,Attack
,ddos,Attack
13.0,sqli,Attack
69.0,fuzz,Attack
9.0,sqli,Attack
,ddos,Attack
23.0,sqli,Attack
11.0,sqli,Attack
,ddos,Attack
26.0,fuzz,Attack
92.0,fuzz,Attack
11.0,sqli,Attack
,ddos,Attack
,ddos,Attack
32.0,fuzz,Attack
115.0,fuzz,Attack
30.0,sqli,Attack
30.0,sqli,Attack
,ddos,Attack
,ddos,Attack
,ddos,Attack
13.0,sqli,Attack
21.0,fuzz,Attack
11.0,sqli,Attack
,ddos,Attack
,ddos,Attack
77.0,fuzz,Attack
79.0,fuzz,Attack
,ddos,Attack
9.0,sqli,Attack
13.0,sqli,Attack
,ddos,Attack
9.0,sqli,Attack
,ddos,Attack
105.0,fuzz,Attack
,ddos,Attack
13.0,sqli,Attack
11.0,sqli,Attack
11.0,sqli,Attack
22.0,fuzz,Attack
62.0,fuzz,Attack
,ddos,Attack
76.0,fuzz,Attack
,ddos,Attack
9.0,sqli,Attack
,ddos,Attack
9.0,sqli,Attack
46.0,fuzz,Attack
22.0,fuzz,Attack
77.0,fuzz,Attack
,ddos,Attack
,ddos,Attack
25.0,fuzz,Attack
11.0,sqli,Attack
,ddos,Attack
,ddos,Attack
9.0,sqli,Attack
45.0,fuzz,Attack
97.0,fuzz,Attack
,ddos,Attack
30.0,sqli,Attack
,ddos,Attack
,ddos,Attack
43.0,fuzz,Attack
,ddos,Attack
93.0,fuzz,Attack
83.0,fuzz,Attack
41.0,fuzz,Attack
87.0,fuzz,Attack
,ddos,Attack
9.0,sqli,Attack
,ddos,Attack
114.0,fuzz,Attack
21.0,fuzz,Attack
,ddos,Attack
,ddos,Attack
9.0,sqli,Attack
,ddos,Attack
,ddos,Attack
11.0,sqli,Attack
23.0,sqli,Attack
115.0,fuzz,Attack
103.0,fuzz,Attack
9.0,sqli,Attack
,ddos,Attack
,ddos,Attack
9.0,sqli,Attack
11.0,sqli,Attack
,ddos,Attack
91.0,fuzz,Attack
,ddos,Attack
11.0,sqli,Attack
23.0,sqli,Attack
,ddos,Attack
,ddos,Attack
,ddos,Attack
80.0,fuzz,Attack
118.0,fuzz,Attack
,ddos,Attack
,ddos,Attack
23.0,sqli,Attack
94.0,fuzz,Attack
,ddos,Attack
,ddos,Attack
30.0,sqli,Attack
,ddos,Attack
112.0,fuzz,Attack
,ddos,Attack
,ddos,Attack
9.0,sqli,Attack
106.0,fuzz,Attack
30.0,sqli,Attack
21.0,fuzz,Attack
,ddos,Attack
11.0,sqli,Attack
,ddos,Attack
,ddos,Attack
100.0,fuzz,Attack
83.0,fuzz,Attack
102.0,fuzz,Attack
,ddos,Attack
30.0,sqli,Attack
,ddos,Attack
9.0,sqli,Attack
45.0,fuzz,Attack
63.0,fuzz,Attack
11.0,sqli,Attack
9.0,sqli,Attack
,ddos,Attack
,ddos,Attack
61.0,fuzz,Attack
30.0,sqli,Attack
,ddos,Attack
23.0,sqli,Attack
,ddos,Attack
,ddos,Attack
23.0,fuzz,Attack
108.0,fuzz,Attack
101.0,fuzz,Attack
9.0,sqli,Attack
13.0,sqli,Attack
9.0,sqli,Attack
9.0,sqli,Attack
9.0,sqli,Attack
9.0,sqli,Attack
23.0,sqli,Attack
23.0,sqli,Attack
,ddos,Attack
45.0,fuzz,Attack
13.0,sqli,Attack
,ddos,Attack
11.0,sqli,Attack
9.0,sqli,Attack
9.0,sqli,Attack
9.0,sqli,Attack
,ddos,Attack
39.0,fuzz,Attack
23.0,sqli,Attack
,ddos,Attack
112.0,fuzz,Attack
,ddos,Attack
,ddos,Attack
30.0,sqli,Attack
67.0,fuzz,Attack
30.0,sqli,Attack
11.0,sqli,Attack
116.0,fuzz,Attack
11.0,sqli,Attack
,ddos,Attack
100.0,fuzz,Attack
11.0,sqli,Attack
,ddos,Attack
23.0,sqli,Attack
,ddos,Attack
23.0,sqli,Attack
30.0,sqli,Attack
11.0,sqli,Attack
28.0,fuzz,Attack
9.0,sqli,Attack
,ddos,Attack
13.0,sqli,Attack
,ddos,Attack
11.0,sqli,Attack
72.0,fuzz,Attack
9.0,sqli,Attack
,ddos,Attack
9.0,sqli,Attack
,ddos,Attack
,ddos,Attack
11.0,sqli,Attack
106.0,fuzz,Attack
23.0,sqli,Attack
,ddos,Attack
37.0,fuzz,Attack
88.0,fuzz,Attack
,ddos,Attack
9.0,sqli,Attack
,ddos,Attack
30.0,sqli,Attack
,ddos,Attack
,ddos,Attack
11.0,sqli,Attack
9.0,sqli,Attack
,ddos,Attack
57.0,fuzz,Attack
30.0,sqli,Attack
36.0,fuzz,Attack
11.0,sqli,Attack
43.0,fuzz,Attack
,ddos,Attack
20.0,fuzz,Attack
91.0,fuzz,Attack
82.0,fuzz,Attack
,ddos,Attack
11.0,sqli,Attack
11.0,sqli,Attack
9.0,sqli,Attack
,ddos,Attack
91.0,fuzz,Attack
105.0,fuzz,Attack
23.0,sqli,Attack
30.0,sqli,Attack
23.0,sqli,Attack
,ddos,Attack
119.0,fuzz,Attack
,ddos,Attack
23.0,sqli,Attack
,ddos,Attack
30.0,sqli,Attack
,ddos,Attack
9.0,sqli,Attack
85.0,fuzz,Attack
13.0,sqli,Attack
11.0,sqli,Attack
11.0,sqli,Attack
21.0,fuzz,Attack
,ddos,Attack
,ddos,Attack
11.0,sqli,Attack
41.0,fuzz,Attack
11.0,sqli,Attack
30.0,sqli,Attack
97.0,fuzz,Attack
,ddos,Attack
113.0,fuzz,Attack
30.0,sqli,Attack
11.0,sqli,Attack
25.0,fuzz,Attack
13.0,sqli,Attack
11.0,sqli,Attack
,ddos,Attack
27.0,fuzz,Attack
,ddos,Attack
,ddos,Attack
23.0,sqli,Attack
,ddos,Attack
26.0,fuzz,Attack
,ddos,Attack
9.0,sqli,Attack
,ddos,Attack
,ddos,Attack
50.0,fuzz,Attack
56.0,fuzz,Attack
,ddos,Attack
,ddos,Attack
64.0,fuzz,Attack
92.0,fuzz,Attack
,ddos,Attack
91.0,fuzz,Attack
13.0,sqli,Attack
55.0,fuzz,Attack
30.0,sqli,Attack
75.0,fuzz,Attack
27.0,fuzz,Attack
97.0,fuzz,Attack
30.0,sqli,Attack
113.0,fuzz,Attack
67.0,fuzz,Attack
117.0,fuzz,Attack
109.0,fuzz,Attack
,ddos,Attack
51.0,fuzz,Attack
20.0,fuzz,Attack
,ddos,Attack
47.0,fuzz,Attack
92.0,fuzz,Attack
11.0,sqli,Attack
63.0,fuzz,Attack
98.0,fuzz,Attack
,ddos,Attack
107.0,fuzz,Attack
,ddos,Attack
24.0,fuzz,Attack
,ddos,Attack
55.0,fuzz,Attack
,ddos,Attack
,ddos,Attack
9.0,sqli,Attack
11.0,sqli,Attack
13.0,sqli,Attack
,ddos,Attack
87.0,fuzz,Attack
110.0,fuzz,Attack
28.0,fuzz,Attack
,ddos,Attack
13.0,sqli,Attack
11.0,sqli,Attack
,ddos,Attack
73.0,fuzz,Attack
,ddos,Attack
9.0,sqli,Attack
29.0,fuzz,Attack
50.0,fuzz,Attack
91.0,fuzz,Attack
114.0,fuzz,Attack
63.0,fuzz,Attack
103.0,fuzz,Attack
102.0,fuzz,Attack
,ddos,Attack
13.0,sqli,Attack
,ddos,Attack
11.0,sqli,Attack
9.0,sqli,Attack
56.0,fuzz,Attack
,ddos,Attack
,ddos,Attack
,ddos,Attack
9.0,sqli,Attack
,ddos,Attack
,ddos,Attack
54.0,fuzz,Attack
34.0,fuzz,Attack
,ddos,Attack
53.0,fuzz,Attack
83.0,fuzz,Attack
11.0,sqli,Attack
11.0,sqli,Attack
,ddos,Attack
,ddos,Attack
9.0,sqli,Attack
11.0,sqli,Attack
44.0,fuzz,Attack
11.0,sqli,Attack
,ddos,Attack
,ddos,Attack
39.0,fuzz,Attack
28.0,fuzz,Attack
35.0,fuzz,Attack
11.0,sqli,Attack
68.0,fuzz,Attack
30.0,sqli,Attack
,ddos,Attack
,ddos,Attack
,ddos,Attack
,ddos,Attack
11.0,sqli,Attack
,ddos,Attack
,ddos,Attack
13.0,sqli,Attack
29.0,fuzz,Attack
25.0,fuzz,Attack
11.0,sqli,Attack
107.0,fuzz,Attack
30.0,sqli,Attack
,ddos,Attack
44.0,fuzz,Attack
,ddos,Attack
11.0,sqli,Attack
13.0,sqli,Attack
115.0,fuzz,Attack
70.0,fuzz,Attack
9.0,sqli,Attack
,ddos,Attack
,ddos,Attack
9.0,sqli,Attack
13.0,sqli,Attack
,ddos,Attack
,ddos,Attack
,ddos,Attack
,ddos,Attack
9.0,sqli,Attack
,ddos,Attack
93.0,fuzz,Attack
102.0,fuzz,Attack
112.0,fuzz,Attack
117.0,fuzz,Attack
,ddos,Attack
9.0,sqli,Attack
,ddos,Attack
30.0,sqli,Attack
58.0,fuzz,Attack
,ddos,Attack
,ddos,Attack
13.0,sqli,Attack
38.0,fuzz,Attack
9.0,sqli,Attack
,ddos,Attack
13.0,sqli,Attack
,ddos,Attack
30.0,sqli,Attack
,ddos,Attack
11.0,sqli,Attack
,ddos,Attack
,ddos,Attack
,ddos,Attack
,ddos,Attack
,ddos,Attack
119.0,fuzz,Attack
40.0,fuzz,Attack
40.0,fuzz,Attack
,ddos,Attack
,ddos,Attack
11.0,sqli,Attack
25.0,fuzz,Attack
112.0,fuzz,Attack
119.0,fuzz,Attack
,ddos,Attack
30.0,sqli,Attack
11.0,sqli,Attack
,ddos,Attack
,ddos,Attack
,ddos,Attack
,ddos,Attack
30.0,sqli,Attack
,ddos,Attack
91.0,fuzz,Attack
,ddos,Attack
105.0,fuzz,Attack
,ddos,Attack
,ddos,Attack
,ddos,Attack
,ddos,Attack
,ddos,Attack
,ddos,Attack
9.0,sqli,Attack
40.0,fuzz,Attack
23.0,sqli,Attack
23.0,sqli,Attack
,ddos,Attack
30.0,sqli,Attack
9.0,sqli,Attack
11.0,sqli,Attack
,ddos,Attack
,ddos,Attack
74.0,TCP,Normal
1374.0,TCP,Normal
227.0,OCSP,Normal
74.0,TCP,Normal
74.0,TCP,Normal
74.0,TCP,Normal
1374.0,TCP,Normal
86.0,TCP,Normal
227.0,TCP,Normal
86.0,TCP,Normal
111.0,TLSv1.2,Normal
165.0,TLSv1.2,Normal
1374.0,TCP,Normal
295.0,TLSv1.2,Normal
86.0,TCP,Normal
94.0,TCP,Normal
86.0,TCP,Normal
74.0,TCP,Normal
66.0,TCP,Normal
81.0,DNS,Normal
81.0,DNS,Normal
81.0,DNS,Normal
77.0,DNS,Normal
77.0,DNS,Normal
77.0,DNS,Normal
77.0,DNS,Normal
77.0,DNS,Normal
78.0,TLSv1.2,Normal
54.0,TCP,Normal
81.0,DNS,Normal
81.0,DNS,Normal
66.0,TCP,Normal
93.0,UDP,Normal
54.0,TCP,Normal
54.0,TCP,Normal
350.0,DNS,Normal
244.0,DNS,Normal
93.0,UDP,Normal
95.0,UDP,Normal
198.0,DNS,Normal
54.0,TCP,Normal
122.0,DNS,Normal
105.0,DNS,Normal
491.0,DNS,Normal
105.0,DNS,Normal
125.0,DNS,Normal
54.0,TCP,Normal
125.0,DNS,Normal
86.0,TCP,Normal
148.0,DNS,Normal
66.0,TCP,Normal
94.0,DNS,Normal
94.0,DNS,Normal
86.0,TCP,Normal
74.0,TCP,Normal
94.0,DNS,Normal
1374.0,TCP,Normal
601.0,TLSv1.3,Normal
66.0,TCP,Normal
74.0,TCP,Normal
173.0,TLSv1.3,Normal
54.0,TCP,Normal
262.0,DNS,Normal
747.0,TLSv1.3,Normal
1354.0,TCP,Normal
250.0,TLSv1.3,Normal
262.0,DNS,Normal
214.0,DNS,Normal
66.0,TCP,Normal
91.0,UDP,Normal
74.0,DNS,Normal
74.0,DNS,Normal
1374.0,TLSv1.3,Normal
1374.0,TCP,Normal
1374.0,TCP,Normal
208.0,TLSv1.3,Normal
74.0,TCP,Normal
148.0,TLSv1.3,Normal
166.0,TLSv1.3,Normal
481.0,TLSv1.3,Normal
54.0,TCP,Normal
54.0,TCP,Normal
181.0,TLSv1.3,Normal
60.0,TLSv1.3,Normal
86.0,TLSv1.3,Normal
1334.0,TCP,Normal
1334.0,TCP,Normal
1334.0,TCP,Normal
1334.0,TCP,Normal
951.0,TLSv1.3,Normal
340.0,TLSv1.3,Normal
54.0,TCP,Normal
112.0,TLSv1.3,Normal
54.0,TCP,Normal
118.0,TLSv1.3,Normal
641.0,TLSv1.3,Normal
282.0,DNS,Normal
352.0,DNS,Normal
74.0,TCP,Normal
549.0,TLSv1.3,Normal
136.0,TLSv1.3,Normal
54.0,TCP,Normal
86.0,UDP,Normal
54.0,TCP,Normal
54.0,TCP,Normal
521.0,TLSv1.3,Normal
66.0,TCP,Normal
74.0,TCP,Normal
105.0,TLSv1.3,Normal
54.0,TCP,Normal
1354.0,TCP,Normal
562.0,TLSv1.3,Normal
66.0,TCP,Normal
54.0,TCP,Normal
86.0,UDP,Normal
105.0,TLSv1.3,Normal
66.0,TCP,Normal
54.0,TCP,Normal
251.0,TLSv1.2,Normal
957.0,TLSv1.3,Normal
1374.0,TCP,Normal
124.0,TLSv1.3,Normal
105.0,TLSv1.3,Normal
74.0,TCP,Normal
94.0,UDP,Normal
54.0,TCP,Normal
66.0,TCP,Normal
74.0,TCP,Normal
91.0,UDP,Normal
170.0,TLSv1.2,Normal
1334.0,TCP,Normal
1334.0,TCP,Normal
1334.0,TCP,Normal
74.0,TCP,Normal
54.0,TCP,Normal
66.0,TCP,Normal
66.0,TCP,Normal
66.0,TCP,Normal
54.0,TCP,Normal
74.0,TCP,Normal
54.0,TCP,Normal
1334.0,TLSv1.3,Normal
310.0,TCP,Normal
1334.0,TCP,Normal
1334.0,TCP,Normal
1334.0,TCP,Normal
310.0,TCP,Normal
1334.0,TCP,Normal
1334.0,TLSv1.3,Normal
89.0,TLSv1.3,Normal
54.0,TCP,Normal
54.0,TCP,Normal
54.0,TCP,Normal
54.0,TCP,Normal
54.0,TCP,Normal
54.0,TCP,Normal
54.0,TCP,Normal
54.0,TCP,Normal
54.0,TCP,Normal
54.0,TCP,Normal
212.0,TLSv1.2,Normal
66.0,TCP,Normal
86.0,UDP,Normal
105.0,TLSv1.2,Normal
54.0,TCP,Normal
1354.0,TCP,Normal
530.0,TLSv1.3,Normal
346.0,TLSv1.2,Normal
1354.0,TCP,Normal
1354.0,TCP,Normal
1354.0,TCP,Normal
1354.0,TCP,Normal
1354.0,TCP,Normal
484.0,TLSv1.2,Normal
54.0,TCP,Normal
54.0,TCP,Normal
54.0,TCP,Normal
54.0,TCP,Normal
54.0,TCP,Normal
1334.0,TLSv1.3,Normal
1334.0,TCP,Normal
1334.0,TCP,Normal
310.0,TCP,Normal
1334.0,TCP,Normal
1334.0,TCP,Normal
1334.0,TLSv1.3,Normal
89.0,TCP,Normal
66.0,TCP,Normal
310.0,TLSv1.3,Normal
54.0,TCP,Normal
134.0,TLSv1.3,Normal
91.0,UDP,Normal
146.0,TLSv1.3,Normal
481.0,TLSv1.3,Normal
1354.0,TCP,Normal
737.0,TLSv1.3,Normal
77.0,DNS,Normal
86.0,UDP,Normal
1334.0,TCP,Normal
1334.0,TCP,Normal
54.0,TCP,Normal
1334.0,TCP,Normal
1334.0,TCP,Normal
1334.0,TCP,Normal
1334.0,TCP,Normal
1334.0,TCP,Normal
1334.0,TCP,Normal
1334.0,TCP,Normal
1334.0,TCP,Normal
105.0,DNS,Normal
54.0,TCP,Normal
1334.0,TCP,Normal
1334.0,TCP,Normal
1334.0,TLSv1.2,Normal
357.0,TLSv1.3,Normal
357.0,TLSv1.3,Normal
116.0,TLSv1.3,Normal
54.0,TCP,Normal
54.0,TCP,Normal
54.0,TCP,Normal
85.0,TLSv1.3,Normal
1292.0,QUIC,Normal
1292.0,QUIC,Normal
66.0,TCP,Normal
54.0,TCP,Normal
98.0,TLSv1.3,Normal
1135.0,TLSv1.3,Normal
54.0,TCP,Normal
91.0,UDP,Normal
1334.0,TCP,Normal
1334.0,TCP,Normal
535.0,TCP,Normal
66.0,TCP,Normal
1334.0,TLSv1.2,Normal
54.0,TCP,Normal
86.0,UDP,Normal
54.0,TCP,Normal
1262.0,QUIC,Normal
1262.0,QUIC,Normal
1262.0,QUIC,Normal
1262.0,QUIC,Normal
1084.0,QUIC,Normal
1292.0,QUIC,Normal
1262.0,QUIC,Normal
86.0,TCP,Normal
114.0,QUIC,Normal
114.0,QUIC,Normal
147.0,QUIC,Normal
147.0,QUIC,Normal
682.0,QUIC,Normal
80.0,DNS,Normal
80.0,DNS,Normal
91.0,UDP,Normal
1292.0,QUIC,Normal
1292.0,QUIC,Normal
86.0,TCP,Normal
86.0,UDP,Normal
86.0,TCP,Normal
254.0,DNS,Normal
302.0,DNS,Normal
1262.0,QUIC,Normal
86.0,TCP,Normal
596.0,QUIC,Normal
74.0,TCP,Normal
74.0,TCP,Normal
1374.0,TCP,Normal
1068.0,TLSv1.3,Normal
1292.0,QUIC,Normal
1374.0,TCP,Normal
533.0,TLSv1.2,Normal
86.0,QUIC,Normal
86.0,QUIC,Normal
111.0,QUIC,Normal
106.0,QUIC,Normal
109.0,QUIC,Normal
86.0,TCP,Normal
86.0,TCP,Normal
74.0,TCP,Normal
173.0,TLSv1.3,Normal
1262.0,QUIC,Normal
1262.0,QUIC,Normal
1262.0,QUIC,Normal
346.0,QUIC,Normal
86.0,TCP,Normal
74.0,TCP,Normal
86.0,TCP,Normal
74.0,TCP,Normal
1214.0,TLSv1.3,Normal
1292.0,QUIC,Normal
107.0,QUIC,Normal
108.0,QUIC,Normal
157.0,QUIC,Normal
138.0,QUIC,Normal
510.0,QUIC,Normal
526.0,TLSv1.3,Normal
526.0,TLSv1.3,Normal
1374.0,TLSv1.3,Normal
1374.0,TCP,Normal
1374.0,TCP,Normal
208.0,TLSv1.3,Normal
74.0,TCP,Normal
1294.0,QUIC,Normal
1262.0,QUIC,Normal
90.0,QUIC,Normal
1374.0,TLSv1.3,Normal
1374.0,TCP,Normal
1374.0,TCP,Normal
692.0,TLSv1.3,Normal
1374.0,TLSv1.3,Normal
74.0,TCP,Normal
74.0,TCP,Normal
101.0,QUIC,Normal
1374.0,TCP,Normal
1374.0,TCP,Normal
692.0,TLSv1.3,Normal
74.0,TCP,Normal
99.0,QUIC,Normal
148.0,TLSv1.3,Normal
86.0,TCP,Normal
74.0,TCP,Normal
90.0,QUIC,Normal
940.0,TLSv1.2,Normal
1374.0,TCP,Normal
1374.0,TCP,Normal
86.0,TCP,Normal
86.0,TCP,Normal
105.0,QUIC,Normal
74.0,TCP,Normal
91.0,UDP,Normal
138.0,TLSv1.2,Normal
154.0,TLSv1.3,Normal
1374.0,TCP,Normal
456.0,TLSv1.3,Normal
154.0,TLSv1.3,Normal
1374.0,TCP,Normal
457.0,TLSv1.3,Normal
100.0,QUIC,Normal
115.0,QUIC,Normal
1374.0,QUIC,Normal
549.0,TLSv1.3,Normal
136.0,TLSv1.3,Normal
549.0,TLSv1.3,Normal
86.0,UDP,Normal
74.0,TCP,Normal
74.0,TCP,Normal
549.0,TLSv1.3,Normal
74.0,TCP,Normal
74.0,TCP,Normal
74.0,TCP,Normal
122.0,QUIC,Normal
74.0,TCP,Normal
100.0,QUIC,Normal
1454.0,QUIC,Normal
100.0,QUIC,Normal
108.0,QUIC,Normal
1374.0,QUIC,Normal
445.0,QUIC,Normal
99.0,QUIC,Normal
1374.0,QUIC,Normal
1374.0,QUIC,Normal
206.0,QUIC,Normal
248.0,QUIC,Normal
296.0,ICMPv6,Normal
99.0,QUIC,Normal
1262.0,QUIC,Normal
602.0,TLSv1.2,Normal
74.0,TCP,Normal
100.0,QUIC,Normal
54.0,TCP,Normal
116.0,QUIC,Normal
74.0,TCP,Normal
1514.0,QUIC,Normal
1294.0,ICMPv6,Normal
91.0,UDP,Normal
91.0,QUIC,Normal
74.0,TCP,Normal
91.0,QUIC,Normal
74.0,TCP,Normal
74.0,TCP,Normal
104.0,QUIC,Normal
74.0,TCP,Normal
74.0,TCP,Normal
86.0,UDP,Normal
1340.0,TLSv1.3,Normal
227.0,TLSv1.3,Normal
115.0,TLSv1.3,Normal
74.0,TCP,Normal
74.0,TCP,Normal
74.0,TCP,Normal
101.0,TCP,Normal
54.0,TCP,Normal
74.0,TCP,Normal
54.0,TCP,Normal
91.0,UDP,Normal
91.0,UDP,Normal
91.0,UDP,Normal
88.0,UDP,Normal
91.0,UDP,Normal
87.0,UDP,Normal
